Seq.File,Sample ID,F1.Genotype
POP25_04_aln.sam,GWR_100_199_3,
POP25_10_aln.sam,GWR_100_42_2,
POP27_37_aln.sam,GWR_100_180_3,
POP25_02_aln.sam,GWR_100_157_6,
POP27_22_aln.sam,GWR_100_471_2,
POP27_17_aln.sam,XXX_100_114_5,
POP25_69_aln.sam,XXX_100_36_4,
POP26_56_aln.sam,GWR_100_76_3,
POP26_88_aln.sam,XXX_100_108_2,
POP27_06_aln.sam,GWR_100_459_2,
POP26_54_aln.sam,GWR_100_151_3,
POP28_81_aln.sam,GWR_100_252,
POP25_19_aln.sam,GWR_100_356_3,
POP31_58_aln.sam,GWR_100_306,
POP31_57_aln.sam,GWR_100_46,
POP26_04_aln.sam,GWR_100_214_3,
POP28_83_aln.sam,XXX_100_133,
POP25_90_aln.sam,GWR_100_413_4,
POP27_23_aln.sam,XXX_100_27_4,
POP27_83_aln.sam,XXX_100_8_4,
POP25_03_aln.sam,GWR_100_220_5,
POP29_92_aln.sam,GWR_100_78,
POP29_90_aln.sam,XXX_100_119,
POP28_88_aln.sam,XXX_100_57,DNN
POP31_29_aln.sam,GWR_100_313,
POP29_60_aln.sam,GWR_100_472,DNN
POP31_25_aln.sam,XXX_100_178,
POP25_18_aln.sam,GWR_100_312_4,
POP27_56_aln.sam,GWR_100_159_2,
POP28_86_aln.sam,GWR_100_329,
POP28_82_aln.sam,GWR_100_37,
POP27_24_aln.sam,GWR_100_385_6,
POP27_39_aln.sam,GWR_100_104_3,
POP31_33_aln.sam,GWR_100_221,
POP26_52_aln.sam,XXX_100_35_4,DNN
POP31_41_aln.sam,GWR_100_150,
POP28_92_aln.sam,GWR_100_271,
POP27_38_aln.sam,GWR_100_132_3,
POP27_08_aln.sam,GWR_100_39_4,
POP28_91_aln.sam,GWR_100_413,
POP28_59_aln.sam,GWR_100_400,
POP31_17_aln.sam,GWR_100_442,
POP25_85_aln.sam,GWR_100_338_2,
POP28_67_aln.sam,GWR_100_486,
POP29_52_aln.sam,XXX_100_76,
POP29_61_aln.sam,XXX_100_115,
POP27_86_aln.sam,GWR_100_355_5,
POP29_56_aln.sam,GWR_100_30,
POP27_43_aln.sam,GWR_100_247_6,
POP27_15_aln.sam,GWR_100_387_6,
POP28_10_aln.sam,GWR_100_377_6,
POP28_65_aln.sam,GWR_100_32,
POP29_93_aln.sam,GWR_100_352,
POP26_72_aln.sam,XXX_100_74_2,
POP28_69_aln.sam,GWR_100_157,
POP27_88_aln.sam,XXX_100_105_3,
POP27_29_aln.sam,XXX_100_34_4,
POP27_25_aln.sam,XXX_100_115_2,
POP29_05_aln.sam,GWR_100_447,
POP28_61_aln.sam,GWR_100_373,
POP28_02_aln.sam,GWR_100_491_4,
POP29_76_aln.sam,GWR_100_149,
POP29_15_aln.sam,XXX_100_158,
POP27_66_aln.sam,GWR_100_470_4,
POP27_28_aln.sam,XXX_100_23_4,
POP27_79_aln.sam,XXX_100_10_6,
POP28_60_aln.sam,GWR_100_352,
POP31_01_aln.sam,GWR_100_481,
POP29_63_aln.sam,XXX_100_165,
POP29_16_aln.sam,GWR_100_136,
POP29_58_aln.sam,GWR_100_1,
POP29_34_aln.sam,GWR_100_61,
POP29_59_aln.sam,GWR_100_309,
POP29_84_aln.sam,XXX_100_61,
POP28_52_aln.sam,XXX_100_137,
POP29_69_aln.sam,GWR_100_90,
POP28_93_aln.sam,XXX_100_177,
POP28_64_aln.sam,XXX_100_167,
POP28_40_aln.sam,GWR_100_334,DDN
POP29_96_aln.sam,XXX_100_176,
POP26_92_aln.sam,GWR_100_465_2,
POP27_35_aln.sam,GWR_100_473_5,
POP27_94_aln.sam,GWR_100_494_5,
POP31_60_aln.sam,GWR_100_364,
POP29_41_aln.sam,GWR_100_20,
POP29_62_aln.sam,XXX_100_139,
POP29_09_aln.sam,GWR_100_92,DNN
POP29_44_aln.sam,XXX_100_92,
POP31_66_aln.sam,GWR_100_309,
POP26_81_aln.sam,GWR_100_110_2,
POP29_87_aln.sam,GWR_100_2,
POP26_05_aln.sam,GWR_100_340_6,
POP27_76_aln.sam,GWR_100_379_4,
POP28_26_aln.sam,GWR_100_170,
POP26_10_aln.sam,XXX_100_62_6,
POP31_27_aln.sam,GWR_100_260,
POP31_28_aln.sam,GWR_100_262,
POP28_20_aln.sam,GWR_100_255_3,DNN
POP26_09_aln.sam,XXX_100_73_6,
POP28_19_aln.sam,GWR_100_344_6,
POP31_64_aln.sam,XXX_100_121,DNN
POP27_57_aln.sam,GWR_100_327_4,DNN
POP31_09_aln.sam,GWR_100_280,
POP28_56_aln.sam,GWR_100_495,
POP29_25_aln.sam,GWR_100_246,
POP28_27_aln.sam,XXX_100_130,
POP27_18_aln.sam,GWR_100_242_6,
POP31_39_aln.sam,GWR_100_400,
POP28_38_aln.sam,XXX_100_173,
POP29_53_aln.sam,GWR_100_119,
POP31_50_aln.sam,XXX_100_177,
POP28_16_aln.sam,GWR_100_92_2,DNN
POP27_31_aln.sam,XXX_100_40_2,
POP28_70_aln.sam,GWR_100_467,
POP28_84_aln.sam,GWR_100_3,
POP29_74_aln.sam,GWR_100_48,
POP28_42_aln.sam,GWR_100_27,
POP31_59_aln.sam,GWR_100_371,
POP28_62_aln.sam,GWR_100_73,
POP29_75_aln.sam,GWR_100_447,
POP28_55_aln.sam,GWR_100_51,
POP25_55_aln.sam,GWR_100_300_6,
POP29_10_aln.sam,XXX_100_155,
POP28_30_aln.sam,GWR_100_485,
POP27_32_aln.sam,GWR_100_175_3,
POP29_66_aln.sam,GWR_100_276,
POP31_22_aln.sam,XXX_100_153,
POP28_72_aln.sam,GWR_100_441,
POP28_07_aln.sam,GWR_100_401_4,
POP29_35_aln.sam,GWR_100_11,
POP29_55_aln.sam,GWR_100_466,
POP28_06_aln.sam,XXX_100_24_5,
POP25_51_aln.sam,GWR_100_164_6,
POP26_60_aln.sam,XXX_100_59_2,
POP29_88_aln.sam,GWR_100_50,
POP29_48_aln.sam,XXX_100_124,
POP28_13_aln.sam,GWR_100_28_3,
POP28_03_aln.sam,GWR_100_65_4,
POP31_49_aln.sam,GWR_100_46,
POP28_66_aln.sam,GWR_100_159,
POP28_37_aln.sam,XXX_100_38,
POP31_56_aln.sam,GWR_100_264,
POP25_35_aln.sam,GWR_100_69_2,DNN
POP31_51_aln.sam,XXX_100_249,
POP28_35_aln.sam,GWR_100_109,DNN
POP29_51_aln.sam,GWR_100_282,
POP27_07_aln.sam,XXX_100_128_4,
POP31_06_aln.sam,XXX_100_174,
POP29_43_aln.sam,GWR_100_313,
POP28_53_aln.sam,XXX_100_124,
POP31_44_aln.sam,GWR_100_433,
POP31_74_aln.sam,GWR_100_221,
POP26_41_aln.sam,GWR_100_198_4,
POP28_96_aln.sam,GWR_100_72,
POP25_50_aln.sam,GWR_100_33_2,
POP31_69_aln.sam,XXX_100_89,
POP27_11_aln.sam,XXX_100_56_5,
POP28_63_aln.sam,GWR_100_275,
POP28_36_aln.sam,XXX_100_170,
POP31_61_aln.sam,XXX_100_121,DNN
POP29_86_aln.sam,GWR_100_193,DNN
POP29_32_aln.sam,GWR_100_124,
POP28_71_aln.sam,GWR_100_422,
POP31_05_aln.sam,GWR_100_255,DNN
POP26_83_aln.sam,GWR_100_254_2,
POP28_21_aln.sam,GWR_100_478,
POP28_29_aln.sam,GWR_100_96,
POP27_61_aln.sam,GWR_100_489_3,
POP28_44_aln.sam,XXX_100_163,
POP29_68_aln.sam,GWR_100_451,
POP26_51_aln.sam,GWR_100_178_4,
POP28_04_aln.sam,GWR_100_119_2,
POP29_79_aln.sam,GWR_100_461,
POP27_91_aln.sam,XXX_100_38_3,
POP31_82_aln.sam,GWR_100_505,
POP29_19_aln.sam,GWR_100_322,
POP31_83_aln.sam,XXX_100_237,
POP31_19_aln.sam,GWR_100_349,
POP26_71_aln.sam,XXX_100_60_3,DNN
POP25_36_aln.sam,GWR_100_13_5,
POP27_30_aln.sam,XXX_100_2_6,
POP27_92_aln.sam,XXX_100_112_4,
POP31_42_aln.sam,GWR_100_479,DNN
POP26_07_aln.sam,GWR_100_335_5,
POP27_48_aln.sam,XXX_100_109_3,
POP31_20_aln.sam,GWR_100_477,
POP29_78_aln.sam,GWR_100_227,
POP29_91_aln.sam,GWR_100_458,
POP27_51_aln.sam,XXX_100_50_2,
POP29_12_aln.sam,GWR_100_55,
POP27_33_aln.sam,GWR_100_49_3,DNN
POP26_08_aln.sam,GWR_100_295_5,
POP31_85_aln.sam,GWR_100_68,
POP25_67_aln.sam,GWR_100_277_4,
POP30_90_aln.sam,GWR_100_74,
POP28_22_aln.sam,GWR_100_431,
POP31_55_aln.sam,GWR_100_53,DDN
POP31_23_aln.sam,XXX_100_234,
POP31_81_aln.sam,XXX_100_237,
POP28_54_aln.sam,GWR_100_327,DNN
POP28_28_aln.sam,GWR_100_129,
POP27_65_aln.sam,GWR_100_479_3,DNN
POP31_68_aln.sam,XXX_100_54,
POP31_53_aln.sam,GWR_100_158,
POP27_45_aln.sam,GWR_100_99_3,
POP26_23_aln.sam,XXX_100_51_5,
POP28_39_aln.sam,GWR_100_320,
POP29_01_aln.sam,GWR_100_372,
POP31_15_aln.sam,GWR_100_462,
POP28_14_aln.sam,GWR_100_332_2,
POP29_67_aln.sam,GWR_100_448,
POP28_32_aln.sam,GWR_100_80,
POP29_28_aln.sam,GWR_100_227,
POP31_87_aln.sam,GWR_100_349,
POP26_02_aln.sam,GWR_100_107_5,
POP28_24_aln.sam,GWR_100_263,
POP31_84_aln.sam,GWR_100_364,
POP31_48_aln.sam,GWR_100_294,
POP29_20_aln.sam,GWR_100_108,
POP29_71_aln.sam,GWR_100_193,
POP30_52_aln.sam,GWR_100_428,DNN
POP30_10_aln.sam,GWR_100_248,
POP27_74_aln.sam,GWR_100_438_2,
POP29_77_aln.sam,GWR_100_324,
POP31_13_aln.sam,GWR_100_233,
POP28_17_aln.sam,GWR_100_23_4,
POP26_85_aln.sam,GWR_100_83_4,
POP29_31_aln.sam,GWR_100_26,
POP28_46_aln.sam,GWR_100_283,
POP27_09_aln.sam,GWR_100_328_3,
POP28_31_aln.sam,GWR_100_339,
POP25_14_aln.sam,GWR_100_62_6,DNN
POP30_56_aln.sam,GWR_100_426,
POP27_58_aln.sam,GWR_100_213_4,
POP31_31_aln.sam,GWR_100_505,
POP29_03_aln.sam,GWR_100_449,
POP28_51_aln.sam,GWR_100_389,
POP29_81_aln.sam,GWR_100_222,
POP27_80_aln.sam,GWR_100_258_5,
POP31_07_aln.sam,GWR_100_209,
POP29_54_aln.sam,GWR_100_81,DNN
POP27_49_aln.sam,GWR_100_460_6,
POP30_61_aln.sam,GWR_100_212,
POP31_88_aln.sam,GWR_100_149,
POP29_89_aln.sam,XXX_100_175,
POP26_14_aln.sam,GWR_100_394_4,
POP25_23_aln.sam,XXX_100_71_2,
POP27_42_aln.sam,GWR_100_298_4,
POP29_08_aln.sam,XXX_100_228,DNN
POP28_33_aln.sam,GWR_100_91,
POP29_42_aln.sam,GWR_100_287,
POP31_40_aln.sam,GWR_100_264,
POP26_42_aln.sam,XXX_100_70_3,
POP29_47_aln.sam,XXX_100_186,
POP30_42_aln.sam,GWR_100_72,
POP28_23_aln.sam,GWR_100_89,
POP29_21_aln.sam,XXX_100_37,
POP30_54_aln.sam,GWR_100_185,
POP27_72_aln.sam,XXX_100_83_2,
POP30_63_aln.sam,GWR_100_139,
POP29_49_aln.sam,XXX_100_240,
POP31_73_aln.sam,XXX_100_57,DNN
POP28_47_aln.sam,XXX_100_179,
POP27_36_aln.sam,XXX_100_82_6,
POP27_84_aln.sam,XXX_100_11_6,
POP28_09_aln.sam,XXX_100_67_2,
POP31_67_aln.sam,GWR_100_80,
POP25_79_aln.sam,GWR_100_304_3,
POP27_68_aln.sam,XXX_100_126_3,
POP26_13_aln.sam,XXX_100_101_4,
POP31_24_aln.sam,GWR_100_248,
POP31_77_aln.sam,XXX_100_15,
POP29_37_aln.sam,GWR_100_371,
POP30_15_aln.sam,GWR_100_444,
POP30_51_aln.sam,XXX_100_232,
POP30_28_aln.sam,GWR_100_402,
POP30_64_aln.sam,XXX_100_29,
POP27_13_aln.sam,GWR_100_211_2,
POP30_09_aln.sam,XXX_100_229,
POP28_43_aln.sam,GWR_100_126,
POP30_26_aln.sam,GWR_100_71,
POP31_32_aln.sam,GWR_100_53,DDN
POP29_22_aln.sam,XXX_100_15,
POP30_69_aln.sam,GWR_100_422,
POP25_29_aln.sam,GWR_100_130_2,
POP28_58_aln.sam,GWR_100_245,
POP30_86_aln.sam,GWR_100_103,
POP26_76_aln.sam,GWR_100_316_3,
POP30_12_aln.sam,GWR_100_30,
POP27_96_aln.sam,GWR_100_250_4,
POP30_59_aln.sam,GWR_100_94,
POP30_21_aln.sam,GWR_100_122,
POP30_57_aln.sam,XXX_100_241,
POP30_76_aln.sam,XXX_100_127 ,
POP27_63_aln.sam,GWR_100_133_6,
POP29_29_aln.sam,GWR_100_68,
POP28_45_aln.sam,GWR_100_111,
POP30_25_aln.sam,GWR_100_446,
POP28_50_aln.sam,XXX_100_233,
POP30_01_aln.sam,GWR_100_465,
POP30_68_aln.sam,GWR_100_378,DNN
POP29_23_aln.sam,GWR_100_180,
POP25_26_aln.sam,GWR_100_261_4,
POP30_92_aln.sam,XXX_100_93,
POP31_72_aln.sam,GWR_100_3,
POP25_34_aln.sam,GWR_100_113_3,
POP29_73_aln.sam,GWR_100_85,
POP31_79_aln.sam,GWR_100_185,
POP29_45_aln.sam,GWR_100_277,
POP29_07_aln.sam,GWR_100_212,
POP31_62_aln.sam,GWR_100_283,
POP30_23_aln.sam,GWR_100_480,
POP27_93_aln.sam,XXX_100_122_4,
POP27_10_aln.sam,GWR_100_54_4,
POP28_49_aln.sam,XXX_100_68,
POP30_49_aln.sam,GWR_100_272,
POP31_02_aln.sam,GWR_100_456,
POP26_82_aln.sam,XXX_100_127_3,
POP30_46_aln.sam,GWR_100_260,
POP29_80_aln.sam,GWR_100_10,
POP30_94_aln.sam,GWR_100_392,
POP26_93_aln.sam,GWR_100_391_6,
POP30_50_aln.sam,GWR_100_321,
POP29_30_aln.sam,GWR_100_262,
POP30_96_aln.sam,GWR_100_355,
POP30_38_aln.sam,GWR_100_315,
POP31_04_aln.sam,GWR_100_187,
POP26_44_aln.sam,GWR_100_341_3,
POP30_41_aln.sam,GWR_100_125,
POP25_12_aln.sam,GWR_100_333_5,
POP31_26_aln.sam,GWR_100_482,
POP29_65_aln.sam,GWR_100_336,
POP29_13_aln.sam,GWR_100_346,
POP26_25_aln.sam,GWR_100_447_2,
POP26_95_aln.sam,XXX_100_106_2,
POP31_75_aln.sam,GWR_100_135,
POP30_33_aln.sam,GWR_100_292,
POP30_58_aln.sam,GWR_100_265,
POP30_06_aln.sam,XXX_100_149,
POP30_44_aln.sam,XXX_100_130,
POP30_70_aln.sam,GWR_100_234,
POP30_65_aln.sam,GWR_100_273,
POP26_15_aln.sam,GWR_100_319_4,
POP30_81_aln.sam,GWR_100_266,
POP27_44_aln.sam,GWR_100_237_2,
POP27_77_aln.sam,GWR_100_374_3,
POP31_76_aln.sam,GWR_100_217A,
POP26_28_aln.sam,GWR_100_492_2,
POP31_52_aln.sam,GWR_100_194,
POP26_46_aln.sam,XXX_100_110_2,
POP25_62_aln.sam,XXX_100_58_2,
POP31_54_aln.sam,GWR_100_71,
POP30_85_aln.sam,GWR_100_105,
POP25_83_aln.sam,GWR_100_301_5,
POP30_88_aln.sam,GWR_100_152,
POP29_57_aln.sam,GWR_100_147,
POP30_37_aln.sam,GWR_100_259,
POP26_49_aln.sam,XXX_100_32_2,DNN
POP30_71_aln.sam,GWR_100_323,
POP30_87_aln.sam,GWR_100_286,
POP27_71_aln.sam,GWR_100_246_2,
POP27_81_aln.sam,XXX_100_66_4,
POP26_47_aln.sam,GWR_100_143_5,
POP31_08_aln.sam,GWR_100_420,
POP30_77_aln.sam,GWR_100_21,
POP30_83_aln.sam,GWR_100_1,
POP30_02_aln.sam,XXX_100_70,
POP26_91_aln.sam,GWR_100_334_5,DDN
POP30_75_aln.sam,XXX_100_233,
POP27_90_aln.sam,XXX_100_20_5,
POP30_13_aln.sam,GWR_100_29,
POP30_48_aln.sam,GWR_100_466,
POP30_39_aln.sam,GWR_100_123,
POP30_84_aln.sam,XXX_100_161,
POP26_55_aln.sam,GWR_100_342_2,
POP31_10_aln.sam,GWR_100_284,
POP30_16_aln.sam,GWR_100_306,
POP30_22_aln.sam,XXX_100_139,
POP31_80_aln.sam,XXX_100_54,
POP30_07_aln.sam,GWR_100_414,
POP25_91_aln.sam,XXX_100_31_6,
POP25_16_aln.sam,GWR_100_95_2,
POP26_67_aln.sam,GWR_100_326_4,
POP26_66_aln.sam,GWR_100_193_2,DNN
POP30_17_aln.sam,GWR_100_135,
POP30_67_aln.sam,GWR_100_182,DNN
POP30_14_aln.sam,GWR_100_474,
POP30_66_aln.sam,GWR_100_482,
POP26_33_aln.sam,GWR_100_350_2,
POP30_29_aln.sam,GWR_100_22,
POP25_42_aln.sam,GWR_100_345_5,
POP25_95_aln.sam,GWR_100_14_3,
POP26_62_aln.sam,GWR_100_457_3,
POP25_08_aln.sam,GWR_100_343_2,
POP30_24_aln.sam,GWR_100_139,
POP27_95_aln.sam,GWR_100_172_4,DNN
POP30_79_aln.sam,GWR_100_275,
POP25_15_aln.sam,GWR_100_420_5,
POP30_93_aln.sam,GWR_100_42,
POP29_06_aln.sam,GWR_100_344,
POP30_95_aln.sam,GWR_100_213,
POP30_45_aln.sam,GWR_100_88,
POP26_53_aln.sam,GWR_100_90_4,
POP26_96_aln.sam,XXX_100_25_3,
POP30_72_aln.sam,GWR_100_154,
POP25_47_aln.sam,XXX_100_30_2,
POP27_04_aln.sam,GWR_100_278_5,
POP26_40_aln.sam,GWR_100_266_6,
POP27_53_aln.sam,XXX_100_33_5,
POP26_39_aln.sam,GWR_100_477_5,
POP31_21_aln.sam,GWR_100_117,
POP30_78_aln.sam,XXX_100_242,
POP25_27_aln.sam,GWR_100_4_4,
POP26_84_aln.sam,GWR_100_352_4,
POP30_08_aln.sam,GWR_100_102,
POP26_80_aln.sam,GWR_100_123_4,
POP27_89_aln.sam,GWR_100_24_5,
POP25_43_aln.sam,GWR_100_160_5,
POP26_65_aln.sam,XXX_100_72_2,
POP30_40_aln.sam,GWR_100_397,
POP25_74_aln.sam,GWR_100_134_2,
POP25_84_aln.sam,GWR_100_50_5,
POP25_96_aln.sam,GWR_100_244_4,
POP26_50_aln.sam,GWR_100_236_6,
POP30_47_aln.sam,XXX_100_116,
POP26_31_aln.sam,XXX_100_63_3,
POP30_80_aln.sam,XXX_100_159,
POP26_38_aln.sam,GWR_100_501_5,
POP26_29_aln.sam,XXX_100_5_3,
POP25_41_aln.sam,GWR_100_70_2,
POP26_63_aln.sam,GWR_100_415_4,
POP26_48_aln.sam,GWR_100_423_6,
POP25_38_aln.sam,XXX_100_120_3,
POP26_37_aln.sam,GWR_100_360_2,
POP26_64_aln.sam,GWR_100_141_4,
POP26_74_aln.sam,GWR_100_58_4,DNN
POP25_77_aln.sam,GWR_100_450_5,
POP25_09_aln.sam,GWR_100_19_3,
POP25_68_aln.sam,GWR_100_445_4,
POP26_35_aln.sam,GWR_100_210_3,
POP26_58_aln.sam,XXX_100_39_3,
POP25_28_aln.sam,GWR_100_116_3,
POP26_43_aln.sam,GWR_100_386_6,
POP26_03_aln.sam,GWR_100_276_3,
POP29_04_aln.sam,GWR_100_439,
POP25_21_aln.sam,XXX_100_80_2,DDNN
POP25_94_aln.sam,GWR_100_224_5,DNN
POP25_20_aln.sam,GWR_100_483_4,DN (contaminated)
POP27_16_aln.sam,GWR_100_203_4,
POP30_03_aln.sam,GWR_100_286,